{
  "model_name": "densenet121",
  "train_losses": [
    0.4027273119634883,
    0.16208929544801165,
    0.10234166736340826,
    0.06438130349110646,
    0.054889093390458325,
    0.03620534194455405,
    0.039411208132625955,
    0.024087427319680003,
    0.02264583080704472,
    0.021066898165662196,
    0.011287479983957092,
    0.012847283293024465,
    0.01120571548395025
  ],
  "val_losses": [
    0.18988177952943025,
    0.11952204240692986,
    0.07177786843644249,
    0.06328600360839455,
    0.06319266001659411,
    0.05309432388317806,
    0.06041978941195541,
    0.05669515662378183,
    0.047927035998415066,
    0.050468673619131245,
    0.04587243914742161,
    0.0679458730129732,
    0.04453380935635694
  ],
  "train_accs": [
    0.857484076433121,
    0.95203025477707,
    0.9653662420382165,
    0.9812898089171974,
    0.9838773885350318,
    0.9892515923566879,
    0.9878582802547771,
    0.9928343949044586,
    0.9942277070063694,
    0.9936305732484076,
    0.9968152866242038,
    0.9958200636942676,
    0.9964171974522293
  ],
  "val_accs": [
    0.9324074074074075,
    0.9601851851851851,
    0.9787037037037037,
    0.9777777777777777,
    0.9833333333333333,
    0.9851851851851852,
    0.9833333333333333,
    0.9879629629629629,
    0.9879629629629629,
    0.9842592592592593,
    0.9879629629629629,
    0.9833333333333333,
    0.9879629629629629
  ],
  "lr_history": [
    0.0001,
    9.939057285945933e-05,
    9.757729755661012e-05,
    9.460482294732422e-05,
    9.054634122155992e-05,
    8.550178566873411e-05,
    7.959536998847744e-05,
    7.297252973710758e-05,
    6.579634122155991e-05,
    5.824350601949144e-05,
    5.050000000000001e-05,
    4.275649398050859e-05,
    3.520365877844011e-05
  ],
  "best_val_acc": 0.9879629629629629,
  "best_epoch": 8
}