{
  "model_name": "efficientnetb0",
  "train_losses": [
    0.5794640937048918,
    0.2329108843188377,
    0.13940780896954474,
    0.09223680473436975,
    0.07954643341967729,
    0.05902073022488291,
    0.048082410825036795,
    0.04559930115582267,
    0.03738561549496831,
    0.033550971260318044,
    0.02486177087630958,
    0.02247063332952108,
    0.021309652422839526,
    0.020304129698097254,
    0.022380094358306023,
    0.01439112221012426,
    0.0157620430344517,
    0.01754810080242901,
    0.01310999429885559,
    0.013861748452185635
  ],
  "val_losses": [
    0.24267200540613246,
    0.12436025882208789,
    0.06877642105574962,
    0.05209008599459021,
    0.06178768650042238,
    0.05284959167862932,
    0.0374765786031882,
    0.03973414645254336,
    0.03998540030292201,
    0.04405026616338916,
    0.042991988991680385,
    0.039874303814334176,
    0.04412483383504743,
    0.048653426705600904,
    0.0457195601197546,
    0.040985154251662874,
    0.03812145232977518,
    0.03961442762692632,
    0.03656490086362249,
    0.037157845707110095
  ],
  "train_accs": [
    0.8023487261146497,
    0.9211783439490446,
    0.9502388535031847,
    0.9731289808917197,
    0.9729299363057324,
    0.9796974522292994,
    0.9864649681528662,
    0.9852707006369427,
    0.9886544585987261,
    0.9886544585987261,
    0.9932324840764332,
    0.9926353503184714,
    0.9930334394904459,
    0.9924363057324841,
    0.9926353503184714,
    0.9940286624203821,
    0.9950238853503185,
    0.9942277070063694,
    0.9960191082802548,
    0.9958200636942676
  ],
  "val_accs": [
    0.9277777777777778,
    0.9601851851851851,
    0.9787037037037037,
    0.9851851851851852,
    0.9796296296296296,
    0.9833333333333333,
    0.987037037037037,
    0.9861111111111112,
    0.9861111111111112,
    0.9861111111111112,
    0.9861111111111112,
    0.9879629629629629,
    0.9879629629629629,
    0.9861111111111112,
    0.9851851851851852,
    0.9888888888888889,
    0.9851851851851852,
    0.9861111111111112,
    0.9861111111111112,
    0.987037037037037
  ],
  "lr_history": [
    0.0001,
    9.939057285945933e-05,
    9.757729755661012e-05,
    9.460482294732422e-05,
    9.054634122155992e-05,
    8.550178566873411e-05,
    7.959536998847744e-05,
    7.297252973710758e-05,
    6.579634122155991e-05,
    5.824350601949144e-05,
    5.050000000000001e-05,
    4.275649398050859e-05,
    3.520365877844011e-05,
    2.8027470262892444e-05,
    2.1404630011522593e-05,
    1.5498214331265904e-05,
    1.0453658778440109e-05,
    6.395177052675796e-06,
    3.422702443389901e-06,
    1.6094271405406863e-06
  ],
  "best_val_acc": 0.9888888888888889,
  "best_epoch": 16
}