{
  "model_name": "resnet50",
  "train_losses": [
    0.345325249870112,
    0.14818801369019755,
    0.10045453910211659,
    0.06330290366005699,
    0.05035061992343017,
    0.04274558873882719,
    0.03893854385790575,
    0.036114428243169766,
    0.025323063422107155,
    0.020849949549764966,
    0.00980183006461508,
    0.009321940274780118,
    0.0058962738942792406,
    0.005984929506666958,
    0.00965833642631606,
    0.005513048758874884
  ],
  "val_losses": [
    0.19984563578058173,
    0.10779536656207508,
    0.0716476400555284,
    0.10005720417808603,
    0.0860159198926003,
    0.07840464668417418,
    0.10242310576485815,
    0.09921336260762204,
    0.06648905516636593,
    0.05431315318198392,
    0.045326690283534976,
    0.05300521740724367,
    0.05453753501254444,
    0.04949722636741138,
    0.06268577068371492,
    0.048631686497376196
  ],
  "train_accs": [
    0.8775875796178344,
    0.9488455414012739,
    0.9657643312101911,
    0.9802945859872612,
    0.9830812101910829,
    0.98546974522293,
    0.9872611464968153,
    0.9886544585987261,
    0.9920382165605095,
    0.9942277070063694,
    0.9978105095541401,
    0.9966162420382165,
    0.9990047770700637,
    0.9980095541401274,
    0.9972133757961783,
    0.9988057324840764
  ],
  "val_accs": [
    0.9388888888888889,
    0.9675925925925926,
    0.975,
    0.9657407407407408,
    0.9740740740740741,
    0.975925925925926,
    0.9703703703703703,
    0.9731481481481481,
    0.9824074074074074,
    0.9842592592592593,
    0.987037037037037,
    0.9842592592592593,
    0.9842592592592593,
    0.9842592592592593,
    0.9796296296296296,
    0.9861111111111112
  ],
  "lr_history": [
    0.0001,
    9.939057285945933e-05,
    9.757729755661012e-05,
    9.460482294732422e-05,
    9.054634122155992e-05,
    8.550178566873411e-05,
    7.959536998847744e-05,
    7.297252973710758e-05,
    6.579634122155991e-05,
    5.824350601949144e-05,
    5.050000000000001e-05,
    4.275649398050859e-05,
    3.520365877844011e-05,
    2.8027470262892444e-05,
    2.1404630011522593e-05,
    1.5498214331265904e-05
  ],
  "best_val_acc": 0.987037037037037,
  "best_epoch": 11
}